id,name,age,email
1,John Doe,28,johndoe@example.com
2,Jane Smith,34,janesmith@example.com
3,Emily Johnson,25,emilyj@example.com
4,Michael Brown,45,michaelb@example.com
5,Sarah Davis,29,sarahd@example.com
6,David Wilson,37,davidw@example.com
7,Laura Moore,31,lauram@example.com
8,James Taylor,50,jamest@example.com
9,Anna Anderson,27,annaa@example.com
10,Chris Thomas,33,christ@example.com
11,Jessica Martinez,22,jessicam@example.com
12,Daniel Hernandez,40,danielh@example.com
13,Matthew Lewis,35,matthewl@example.com
14,Ashley Clark,24,ashleyc@example.com
15,Joshua Lee,38,joshual@example.com
16,Olivia Walker,26,oliviaw@example.com
17,Alexander Hall,32,alexanderh@example.com
18,Sophia Allen,21,sophiaa@example.com
19,Andrew Young,39,andrewy@example.com
20,Isabella King,30,isabellak@example.com
